run_name,generation,best_fitness,mean_fitness,best_T_total,best_D_max,best_penalty,name,desc,pop_size,n_generations,mutation_rate,crossover_rate,elitism_k,selection_method,crossover_method,tournament_k,W1,W2,W3,seed
corrida_05_emergencia_escalera_bloqueada,0,0.007299270019713358,0.006913721331091427,94,86,0.0,corrida_05_emergencia_escalera_bloqueada,"Escalera A bloqueada (incendio): pop=100, cruce uniforme, mut=15%",100,200,0.15,0.8,5,tournament,uniform,3,1.0,0.5,10.0,42
corrida_05_emergencia_escalera_bloqueada,1,0.007407407352537723,0.0070899543090940246,92,86,0.0,corrida_05_emergencia_escalera_bloqueada,"Escalera A bloqueada (incendio): pop=100, cruce uniforme, mut=15%",100,200,0.15,0.8,5,tournament,uniform,3,1.0,0.5,10.0,42
corrida_05_emergencia_escalera_bloqueada,2,0.007407407352537723,0.007170925315419368,92,86,0.0,corrida_05_emergencia_escalera_bloqueada,"Escalera A bloqueada (incendio): pop=100, cruce uniforme, mut=15%",100,200,0.15,0.8,5,tournament,uniform,3,1.0,0.5,10.0,42
corrida_05_emergencia_escalera_bloqueada,3,0.007407407352537723,0.0072294190172096815,92,86,0.0,corrida_05_emergencia_escalera_bloqueada,"Escalera A bloqueada (incendio): pop=100, cruce uniforme, mut=15%",100,200,0.15,0.8,5,tournament,uniform,3,1.0,0.5,10.0,42
corrida_05_emergencia_escalera_bloqueada,4,0.007407407352537723,0.0072457702276062805,92,86,0.0,corrida_05_emergencia_escalera_bloqueada,"Escalera A bloqueada (incendio): pop=100, cruce uniforme, mut=15%",100,200,0.15,0.8,5,tournament,uniform,3,1.0,0.5,10.0,42
corrida_05_emergencia_escalera_bloqueada,5,0.007407407352537723,0.007248178430401156,92,86,0.0,corrida_05_emergencia_escalera_bloqueada,"Escalera A bloqueada (incendio): pop=100, cruce uniforme, mut=15%",100,200,0.15,0.8,5,tournament,uniform,3,1.0,0.5,10.0,42
corrida_05_emergencia_escalera_bloqueada,6,0.007407407352537723,0.007274654869564009,92,86,0.0,corrida_05_emergencia_escalera_bloqueada,"Escalera A bloqueada (incendio): pop=100, cruce uniforme, mut=15%",100,200,0.15,0.8,5,tournament,uniform,3,1.0,0.5,10.0,42
corrida_05_emergencia_escalera_bloqueada,7,0.007407407352537723,0.007245875610044561,92,86,0.0,corrida_05_emergencia_escalera_bloqueada,"Escalera A bloqueada (incendio): pop=100, cruce uniforme, mut=15%",100,200,0.15,0.8,5,tournament,uniform,3,1.0,0.5,10.0,42
corrida_05_emergencia_escalera_bloqueada,8,0.007407407352537723,0.00727859455482239,92,86,0.0,corrida_05_emergencia_escalera_bloqueada,"Escalera A bloqueada (incendio): pop=100, cruce uniforme, mut=15%",100,200,0.15,0.8,5,tournament,uniform,3,1.0,0.5,10.0,42
corrida_05_emergencia_escalera_bloqueada,9,0.007407407352537723,0.007272075019421163,92,86,0.0,corrida_05_emergencia_escalera_bloqueada,"Escalera A bloqueada (incendio): pop=100, cruce uniforme, mut=15%",100,200,0.15,0.8,5,tournament,uniform,3,1.0,0.5,10.0,42
corrida_05_emergencia_escalera_bloqueada,10,0.007407407352537723,0.007272491460219687,92,86,0.0,corrida_05_emergencia_escalera_bloqueada,"Escalera A bloqueada (incendio): pop=100, cruce uniforme, mut=15%",100,200,0.15,0.8,5,tournament,uniform,3,1.0,0.5,10.0,42
corrida_05_emergencia_escalera_bloqueada,11,0.007407407352537723,0.007283399678621463,92,86,0.0,corrida_05_emergencia_escalera_bloqueada,"Escalera A bloqueada (incendio): pop=100, cruce uniforme, mut=15%",100,200,0.15,0.8,5,tournament,uniform,3,1.0,0.5,10.0,42
corrida_05_emergencia_escalera_bloqueada,12,0.007407407352537723,0.007293620035544708,92,86,0.0,corrida_05_emergencia_escalera_bloqueada,"Escalera A bloqueada (incendio): pop=100, cruce uniforme, mut=15%",100,200,0.15,0.8,5,tournament,uniform,3,1.0,0.5,10.0,42
corrida_05_emergencia_escalera_bloqueada,13,0.007407407352537723,0.0072929974151451195,92,86,0.0,corrida_05_emergencia_escalera_bloqueada,"Escalera A bloqueada (incendio): pop=100, cruce uniforme, mut=15%",100,200,0.15,0.8,5,tournament,uniform,3,1.0,0.5,10.0,42
corrida_05_emergencia_escalera_bloqueada,14,0.007407407352537723,0.007311558606189773,92,86,0.0,corrida_05_emergencia_escalera_bloqueada,"Escalera A bloqueada (incendio): pop=100, cruce uniforme, mut=15%",100,200,0.15,0.8,5,tournament,uniform,3,1.0,0.5,10.0,42
corrida_05_emergencia_escalera_bloqueada,15,0.007407407352537723,0.007281307348732866,92,86,0.0,corrida_05_emergencia_escalera_bloqueada,"Escalera A bloqueada (incendio): pop=100, cruce uniforme, mut=15%",100,200,0.15,0.8,5,tournament,uniform,3,1.0,0.5,10.0,42
corrida_05_emergencia_escalera_bloqueada,16,0.007407407352537723,0.007285756216953832,92,86,0.0,corrida_05_emergencia_escalera_bloqueada,"Escalera A bloqueada (incendio): pop=100, cruce uniforme, mut=15%",100,200,0.15,0.8,5,tournament,uniform,3,1.0,0.5,10.0,42
corrida_05_emergencia_escalera_bloqueada,17,0.007407407352537723,0.0072603142407137436,92,86,0.0,corrida_05_emergencia_escalera_bloqueada,"Escalera A bloqueada (incendio): pop=100, cruce uniforme, mut=15%",100,200,0.15,0.8,5,tournament,uniform,3,1.0,0.5,10.0,42
corrida_05_emergencia_escalera_bloqueada,18,0.007407407352537723,0.007289795326172389,92,86,0.0,corrida_05_emergencia_escalera_bloqueada,"Escalera A bloqueada (incendio): pop=100, cruce uniforme, mut=15%",100,200,0.15,0.8,5,tournament,uniform,3,1.0,0.5,10.0,42
corrida_05_emergencia_escalera_bloqueada,19,0.007407407352537723,0.007291468616220129,92,86,0.0,corrida_05_emergencia_escalera_bloqueada,"Escalera A bloqueada (incendio): pop=100, cruce uniforme, mut=15%",100,200,0.15,0.8,5,tournament,uniform,3,1.0,0.5,10.0,42
corrida_05_emergencia_escalera_bloqueada,20,0.007407407352537723,0.0072845344287345345,92,86,0.0,corrida_05_emergencia_escalera_bloqueada,"Escalera A bloqueada (incendio): pop=100, cruce uniforme, mut=15%",100,200,0.15,0.8,5,tournament,uniform,3,1.0,0.5,10.0,42
corrida_05_emergencia_escalera_bloqueada,21,0.007407407352537723,0.007299818824782994,92,86,0.0,corrida_05_emergencia_escalera_bloqueada,"Escalera A bloqueada (incendio): pop=100, cruce uniforme, mut=15%",100,200,0.15,0.8,5,tournament,uniform,3,1.0,0.5,10.0,42
corrida_05_emergencia_escalera_bloqueada,22,0.007407407352537723,0.007298004452552581,92,86,0.0,corrida_05_emergencia_escalera_bloqueada,"Escalera A bloqueada (incendio): pop=100, cruce uniforme, mut=15%",100,200,0.15,0.8,5,tournament,uniform,3,1.0,0.5,10.0,42
corrida_05_emergencia_escalera_bloqueada,23,0.007407407352537723,0.00730138580260713,92,86,0.0,corrida_05_emergencia_escalera_bloqueada,"Escalera A bloqueada (incendio): pop=100, cruce uniforme, mut=15%",100,200,0.15,0.8,5,tournament,uniform,3,1.0,0.5,10.0,42
corrida_05_emergencia_escalera_bloqueada,24,0.007407407352537723,0.007280553088533819,92,86,0.0,corrida_05_emergencia_escalera_bloqueada,"Escalera A bloqueada (incendio): pop=100, cruce uniforme, mut=15%",100,200,0.15,0.8,5,tournament,uniform,3,1.0,0.5,10.0,42
corrida_05_emergencia_escalera_bloqueada,25,0.007407407352537723,0.0072902530392876,92,86,0.0,corrida_05_emergencia_escalera_bloqueada,"Escalera A bloqueada (incendio): pop=100, cruce uniforme, mut=15%",100,200,0.15,0.8,5,tournament,uniform,3,1.0,0.5,10.0,42
corrida_05_emergencia_escalera_bloqueada,26,0.007407407352537723,0.007294858894464605,92,86,0.0,corrida_05_emergencia_escalera_bloqueada,"Escalera A bloqueada (incendio): pop=100, cruce uniforme, mut=15%",100,200,0.15,0.8,5,tournament,uniform,3,1.0,0.5,10.0,42
corrida_05_emergencia_escalera_bloqueada,27,0.007407407352537723,0.0073041217558687385,92,86,0.0,corrida_05_emergencia_escalera_bloqueada,"Escalera A bloqueada (incendio): pop=100, cruce uniforme, mut=15%",100,200,0.15,0.8,5,tournament,uniform,3,1.0,0.5,10.0,42
corrida_05_emergencia_escalera_bloqueada,28,0.007407407352537723,0.007293226278962066,92,86,0.0,corrida_05_emergencia_escalera_bloqueada,"Escalera A bloqueada (incendio): pop=100, cruce uniforme, mut=15%",100,200,0.15,0.8,5,tournament,uniform,3,1.0,0.5,10.0,42
corrida_05_emergencia_escalera_bloqueada,29,0.007407407352537723,0.007308432512879598,92,86,0.0,corrida_05_emergencia_escalera_bloqueada,"Escalera A bloqueada (incendio): pop=100, cruce uniforme, mut=15%",100,200,0.15,0.8,5,tournament,uniform,3,1.0,0.5,10.0,42
corrida_05_emergencia_escalera_bloqueada,30,0.007407407352537723,0.007314518996656929,92,86,0.0,corrida_05_emergencia_escalera_bloqueada,"Escalera A bloqueada (incendio): pop=100, cruce uniforme, mut=15%",100,200,0.15,0.8,5,tournament,uniform,3,1.0,0.5,10.0,42
corrida_05_emergencia_escalera_bloqueada,31,0.007407407352537723,0.007298582616658606,92,86,0.0,corrida_05_emergencia_escalera_bloqueada,"Escalera A bloqueada (incendio): pop=100, cruce uniforme, mut=15%",100,200,0.15,0.8,5,tournament,uniform,3,1.0,0.5,10.0,42
corrida_05_emergencia_escalera_bloqueada,32,0.007407407352537723,0.0073126691766534566,92,86,0.0,corrida_05_emergencia_escalera_bloqueada,"Escalera A bloqueada (incendio): pop=100, cruce uniforme, mut=15%",100,200,0.15,0.8,5,tournament,uniform,3,1.0,0.5,10.0,42
corrida_05_emergencia_escalera_bloqueada,33,0.007407407352537723,0.007312783870456189,92,86,0.0,corrida_05_emergencia_escalera_bloqueada,"Escalera A bloqueada (incendio): pop=100, cruce uniforme, mut=15%",100,200,0.15,0.8,5,tournament,uniform,3,1.0,0.5,10.0,42
corrida_05_emergencia_escalera_bloqueada,34,0.007407407352537723,0.007329807801272725,92,86,0.0,corrida_05_emergencia_escalera_bloqueada,"Escalera A bloqueada (incendio): pop=100, cruce uniforme, mut=15%",100,200,0.15,0.8,5,tournament,uniform,3,1.0,0.5,10.0,42
corrida_05_emergencia_escalera_bloqueada,35,0.007407407352537723,0.007314005569579296,92,86,0.0,corrida_05_emergencia_escalera_bloqueada,"Escalera A bloqueada (incendio): pop=100, cruce uniforme, mut=15%",100,200,0.15,0.8,5,tournament,uniform,3,1.0,0.5,10.0,42
corrida_05_emergencia_escalera_bloqueada,36,0.007407407352537723,0.007282825987465689,92,86,0.0,corrida_05_emergencia_escalera_bloqueada,"Escalera A bloqueada (incendio): pop=100, cruce uniforme, mut=15%",100,200,0.15,0.8,5,tournament,uniform,3,1.0,0.5,10.0,42
corrida_05_emergencia_escalera_bloqueada,37,0.007407407352537723,0.007301811832744625,92,86,0.0,corrida_05_emergencia_escalera_bloqueada,"Escalera A bloqueada (incendio): pop=100, cruce uniforme, mut=15%",100,200,0.15,0.8,5,tournament,uniform,3,1.0,0.5,10.0,42
corrida_05_emergencia_escalera_bloqueada,38,0.007407407352537723,0.007296165430610992,92,86,0.0,corrida_05_emergencia_escalera_bloqueada,"Escalera A bloqueada (incendio): pop=100, cruce uniforme, mut=15%",100,200,0.15,0.8,5,tournament,uniform,3,1.0,0.5,10.0,42
corrida_05_emergencia_escalera_bloqueada,39,0.007407407352537723,0.007290541429208692,92,86,0.0,corrida_05_emergencia_escalera_bloqueada,"Escalera A bloqueada (incendio): pop=100, cruce uniforme, mut=15%",100,200,0.15,0.8,5,tournament,uniform,3,1.0,0.5,10.0,42
corrida_05_emergencia_escalera_bloqueada,40,0.007407407352537723,0.007291011656289066,92,86,0.0,corrida_05_emergencia_escalera_bloqueada,"Escalera A bloqueada (incendio): pop=100, cruce uniforme, mut=15%",100,200,0.15,0.8,5,tournament,uniform,3,1.0,0.5,10.0,42
corrida_05_emergencia_escalera_bloqueada,41,0.007407407352537723,0.007297189456647486,92,86,0.0,corrida_05_emergencia_escalera_bloqueada,"Escalera A bloqueada (incendio): pop=100, cruce uniforme, mut=15%",100,200,0.15,0.8,5,tournament,uniform,3,1.0,0.5,10.0,42
corrida_05_emergencia_escalera_bloqueada,42,0.007407407352537723,0.007291676915716412,92,86,0.0,corrida_05_emergencia_escalera_bloqueada,"Escalera A bloqueada (incendio): pop=100, cruce uniforme, mut=15%",100,200,0.15,0.8,5,tournament,uniform,3,1.0,0.5,10.0,42
corrida_05_emergencia_escalera_bloqueada,43,0.007407407352537723,0.007308653440247297,92,86,0.0,corrida_05_emergencia_escalera_bloqueada,"Escalera A bloqueada (incendio): pop=100, cruce uniforme, mut=15%",100,200,0.15,0.8,5,tournament,uniform,3,1.0,0.5,10.0,42
corrida_05_emergencia_escalera_bloqueada,44,0.007407407352537723,0.007270799634190865,92,86,0.0,corrida_05_emergencia_escalera_bloqueada,"Escalera A bloqueada (incendio): pop=100, cruce uniforme, mut=15%",100,200,0.15,0.8,5,tournament,uniform,3,1.0,0.5,10.0,42
corrida_05_emergencia_escalera_bloqueada,45,0.007407407352537723,0.007284189118565504,92,86,0.0,corrida_05_emergencia_escalera_bloqueada,"Escalera A bloqueada (incendio): pop=100, cruce uniforme, mut=15%",100,200,0.15,0.8,5,tournament,uniform,3,1.0,0.5,10.0,42
corrida_05_emergencia_escalera_bloqueada,46,0.007407407352537723,0.007287964488651113,92,86,0.0,corrida_05_emergencia_escalera_bloqueada,"Escalera A bloqueada (incendio): pop=100, cruce uniforme, mut=15%",100,200,0.15,0.8,5,tournament,uniform,3,1.0,0.5,10.0,42
corrida_05_emergencia_escalera_bloqueada,47,0.007407407352537723,0.007314069829528543,92,86,0.0,corrida_05_emergencia_escalera_bloqueada,"Escalera A bloqueada (incendio): pop=100, cruce uniforme, mut=15%",100,200,0.15,0.8,5,tournament,uniform,3,1.0,0.5,10.0,42
corrida_05_emergencia_escalera_bloqueada,48,0.007407407352537723,0.007299618968432478,92,86,0.0,corrida_05_emergencia_escalera_bloqueada,"Escalera A bloqueada (incendio): pop=100, cruce uniforme, mut=15%",100,200,0.15,0.8,5,tournament,uniform,3,1.0,0.5,10.0,42
corrida_05_emergencia_escalera_bloqueada,49,0.007407407352537723,0.00728208811397107,92,86,0.0,corrida_05_emergencia_escalera_bloqueada,"Escalera A bloqueada (incendio): pop=100, cruce uniforme, mut=15%",100,200,0.15,0.8,5,tournament,uniform,3,1.0,0.5,10.0,42
corrida_05_emergencia_escalera_bloqueada,50,0.007407407352537723,0.00729667663695275,92,86,0.0,corrida_05_emergencia_escalera_bloqueada,"Escalera A bloqueada (incendio): pop=100, cruce uniforme, mut=15%",100,200,0.15,0.8,5,tournament,uniform,3,1.0,0.5,10.0,42
corrida_05_emergencia_escalera_bloqueada,51,0.007407407352537723,0.007292590526777374,92,86,0.0,corrida_05_emergencia_escalera_bloqueada,"Escalera A bloqueada (incendio): pop=100, cruce uniforme, mut=15%",100,200,0.15,0.8,5,tournament,uniform,3,1.0,0.5,10.0,42
corrida_05_emergencia_escalera_bloqueada,52,0.007407407352537723,0.007320258763521492,92,86,0.0,corrida_05_emergencia_escalera_bloqueada,"Escalera A bloqueada (incendio): pop=100, cruce uniforme, mut=15%",100,200,0.15,0.8,5,tournament,uniform,3,1.0,0.5,10.0,42
corrida_05_emergencia_escalera_bloqueada,53,0.007407407352537723,0.007309068388724933,92,86,0.0,corrida_05_emergencia_escalera_bloqueada,"Escalera A bloqueada (incendio): pop=100, cruce uniforme, mut=15%",100,200,0.15,0.8,5,tournament,uniform,3,1.0,0.5,10.0,42
corrida_05_emergencia_escalera_bloqueada,54,0.007407407352537723,0.0073146717671473335,92,86,0.0,corrida_05_emergencia_escalera_bloqueada,"Escalera A bloqueada (incendio): pop=100, cruce uniforme, mut=15%",100,200,0.15,0.8,5,tournament,uniform,3,1.0,0.5,10.0,42
corrida_05_emergencia_escalera_bloqueada,55,0.007407407352537723,0.0072971557598383195,92,86,0.0,corrida_05_emergencia_escalera_bloqueada,"Escalera A bloqueada (incendio): pop=100, cruce uniforme, mut=15%",100,200,0.15,0.8,5,tournament,uniform,3,1.0,0.5,10.0,42
corrida_05_emergencia_escalera_bloqueada,56,0.007407407352537723,0.00727820724847349,92,86,0.0,corrida_05_emergencia_escalera_bloqueada,"Escalera A bloqueada (incendio): pop=100, cruce uniforme, mut=15%",100,200,0.15,0.8,5,tournament,uniform,3,1.0,0.5,10.0,42
corrida_05_emergencia_escalera_bloqueada,57,0.007407407352537723,0.007282128021594332,92,86,0.0,corrida_05_emergencia_escalera_bloqueada,"Escalera A bloqueada (incendio): pop=100, cruce uniforme, mut=15%",100,200,0.15,0.8,5,tournament,uniform,3,1.0,0.5,10.0,42
corrida_05_emergencia_escalera_bloqueada,58,0.007407407352537723,0.0072855688461356295,92,86,0.0,corrida_05_emergencia_escalera_bloqueada,"Escalera A bloqueada (incendio): pop=100, cruce uniforme, mut=15%",100,200,0.15,0.8,5,tournament,uniform,3,1.0,0.5,10.0,42
corrida_05_emergencia_escalera_bloqueada,59,0.007407407352537723,0.007291197898223845,92,86,0.0,corrida_05_emergencia_escalera_bloqueada,"Escalera A bloqueada (incendio): pop=100, cruce uniforme, mut=15%",100,200,0.15,0.8,5,tournament,uniform,3,1.0,0.5,10.0,42
corrida_05_emergencia_escalera_bloqueada,60,0.007407407352537723,0.007282096147246836,92,86,0.0,corrida_05_emergencia_escalera_bloqueada,"Escalera A bloqueada (incendio): pop=100, cruce uniforme, mut=15%",100,200,0.15,0.8,5,tournament,uniform,3,1.0,0.5,10.0,42
corrida_05_emergencia_escalera_bloqueada,61,0.007407407352537723,0.007278767789711096,92,86,0.0,corrida_05_emergencia_escalera_bloqueada,"Escalera A bloqueada (incendio): pop=100, cruce uniforme, mut=15%",100,200,0.15,0.8,5,tournament,uniform,3,1.0,0.5,10.0,42
corrida_05_emergencia_escalera_bloqueada,62,0.007407407352537723,0.007281361287130861,92,86,0.0,corrida_05_emergencia_escalera_bloqueada,"Escalera A bloqueada (incendio): pop=100, cruce uniforme, mut=15%",100,200,0.15,0.8,5,tournament,uniform,3,1.0,0.5,10.0,42
corrida_05_emergencia_escalera_bloqueada,63,0.007407407352537723,0.007293077092553335,92,86,0.0,corrida_05_emergencia_escalera_bloqueada,"Escalera A bloqueada (incendio): pop=100, cruce uniforme, mut=15%",100,200,0.15,0.8,5,tournament,uniform,3,1.0,0.5,10.0,42
corrida_05_emergencia_escalera_bloqueada,64,0.007407407352537723,0.00729906465125552,92,86,0.0,corrida_05_emergencia_escalera_bloqueada,"Escalera A bloqueada (incendio): pop=100, cruce uniforme, mut=15%",100,200,0.15,0.8,5,tournament,uniform,3,1.0,0.5,10.0,42
corrida_05_emergencia_escalera_bloqueada,65,0.007407407352537723,0.007308321074372492,92,86,0.0,corrida_05_emergencia_escalera_bloqueada,"Escalera A bloqueada (incendio): pop=100, cruce uniforme, mut=15%",100,200,0.15,0.8,5,tournament,uniform,3,1.0,0.5,10.0,42
corrida_05_emergencia_escalera_bloqueada,66,0.007407407352537723,0.007278399119509018,92,86,0.0,corrida_05_emergencia_escalera_bloqueada,"Escalera A bloqueada (incendio): pop=100, cruce uniforme, mut=15%",100,200,0.15,0.8,5,tournament,uniform,3,1.0,0.5,10.0,42
corrida_05_emergencia_escalera_bloqueada,67,0.007407407352537723,0.007308675153792873,92,86,0.0,corrida_05_emergencia_escalera_bloqueada,"Escalera A bloqueada (incendio): pop=100, cruce uniforme, mut=15%",100,200,0.15,0.8,5,tournament,uniform,3,1.0,0.5,10.0,42
corrida_05_emergencia_escalera_bloqueada,68,0.007407407352537723,0.007313911544381271,92,86,0.0,corrida_05_emergencia_escalera_bloqueada,"Escalera A bloqueada (incendio): pop=100, cruce uniforme, mut=15%",100,200,0.15,0.8,5,tournament,uniform,3,1.0,0.5,10.0,42
corrida_05_emergencia_escalera_bloqueada,69,0.007407407352537723,0.007319515285870586,92,86,0.0,corrida_05_emergencia_escalera_bloqueada,"Escalera A bloqueada (incendio): pop=100, cruce uniforme, mut=15%",100,200,0.15,0.8,5,tournament,uniform,3,1.0,0.5,10.0,42
corrida_05_emergencia_escalera_bloqueada,70,0.007407407352537723,0.007287093203262152,92,86,0.0,corrida_05_emergencia_escalera_bloqueada,"Escalera A bloqueada (incendio): pop=100, cruce uniforme, mut=15%",100,200,0.15,0.8,5,tournament,uniform,3,1.0,0.5,10.0,42
corrida_05_emergencia_escalera_bloqueada,71,0.007407407352537723,0.00728650715732945,92,86,0.0,corrida_05_emergencia_escalera_bloqueada,"Escalera A bloqueada (incendio): pop=100, cruce uniforme, mut=15%",100,200,0.15,0.8,5,tournament,uniform,3,1.0,0.5,10.0,42
corrida_05_emergencia_escalera_bloqueada,72,0.007407407352537723,0.007298266057103856,92,86,0.0,corrida_05_emergencia_escalera_bloqueada,"Escalera A bloqueada (incendio): pop=100, cruce uniforme, mut=15%",100,200,0.15,0.8,5,tournament,uniform,3,1.0,0.5,10.0,42
corrida_05_emergencia_escalera_bloqueada,73,0.007407407352537723,0.0073235002072028575,92,86,0.0,corrida_05_emergencia_escalera_bloqueada,"Escalera A bloqueada (incendio): pop=100, cruce uniforme, mut=15%",100,200,0.15,0.8,5,tournament,uniform,3,1.0,0.5,10.0,42
corrida_05_emergencia_escalera_bloqueada,74,0.007407407352537723,0.007318238749858821,92,86,0.0,corrida_05_emergencia_escalera_bloqueada,"Escalera A bloqueada (incendio): pop=100, cruce uniforme, mut=15%",100,200,0.15,0.8,5,tournament,uniform,3,1.0,0.5,10.0,42
corrida_05_emergencia_escalera_bloqueada,75,0.007407407352537723,0.007270223059909232,92,86,0.0,corrida_05_emergencia_escalera_bloqueada,"Escalera A bloqueada (incendio): pop=100, cruce uniforme, mut=15%",100,200,0.15,0.8,5,tournament,uniform,3,1.0,0.5,10.0,42
corrida_05_emergencia_escalera_bloqueada,76,0.007407407352537723,0.00731484817129812,92,86,0.0,corrida_05_emergencia_escalera_bloqueada,"Escalera A bloqueada (incendio): pop=100, cruce uniforme, mut=15%",100,200,0.15,0.8,5,tournament,uniform,3,1.0,0.5,10.0,42
corrida_05_emergencia_escalera_bloqueada,77,0.007407407352537723,0.007244399681748632,92,86,0.0,corrida_05_emergencia_escalera_bloqueada,"Escalera A bloqueada (incendio): pop=100, cruce uniforme, mut=15%",100,200,0.15,0.8,5,tournament,uniform,3,1.0,0.5,10.0,42
corrida_05_emergencia_escalera_bloqueada,78,0.007407407352537723,0.007298713553881113,92,86,0.0,corrida_05_emergencia_escalera_bloqueada,"Escalera A bloqueada (incendio): pop=100, cruce uniforme, mut=15%",100,200,0.15,0.8,5,tournament,uniform,3,1.0,0.5,10.0,42
corrida_05_emergencia_escalera_bloqueada,79,0.007407407352537723,0.007304302918810821,92,86,0.0,corrida_05_emergencia_escalera_bloqueada,"Escalera A bloqueada (incendio): pop=100, cruce uniforme, mut=15%",100,200,0.15,0.8,5,tournament,uniform,3,1.0,0.5,10.0,42
corrida_05_emergencia_escalera_bloqueada,80,0.007407407352537723,0.007301877729026709,92,86,0.0,corrida_05_emergencia_escalera_bloqueada,"Escalera A bloqueada (incendio): pop=100, cruce uniforme, mut=15%",100,200,0.15,0.8,5,tournament,uniform,3,1.0,0.5,10.0,42
corrida_05_emergencia_escalera_bloqueada,81,0.007407407352537723,0.007293852997922719,92,86,0.0,corrida_05_emergencia_escalera_bloqueada,"Escalera A bloqueada (incendio): pop=100, cruce uniforme, mut=15%",100,200,0.15,0.8,5,tournament,uniform,3,1.0,0.5,10.0,42
corrida_05_emergencia_escalera_bloqueada,82,0.007407407352537723,0.007285627184007379,92,86,0.0,corrida_05_emergencia_escalera_bloqueada,"Escalera A bloqueada (incendio): pop=100, cruce uniforme, mut=15%",100,200,0.15,0.8,5,tournament,uniform,3,1.0,0.5,10.0,42
corrida_05_emergencia_escalera_bloqueada,83,0.007407407352537723,0.007300755524755557,92,86,0.0,corrida_05_emergencia_escalera_bloqueada,"Escalera A bloqueada (incendio): pop=100, cruce uniforme, mut=15%",100,200,0.15,0.8,5,tournament,uniform,3,1.0,0.5,10.0,42
corrida_05_emergencia_escalera_bloqueada,84,0.007407407352537723,0.007286805121094909,92,86,0.0,corrida_05_emergencia_escalera_bloqueada,"Escalera A bloqueada (incendio): pop=100, cruce uniforme, mut=15%",100,200,0.15,0.8,5,tournament,uniform,3,1.0,0.5,10.0,42
corrida_05_emergencia_escalera_bloqueada,85,0.007407407352537723,0.007294603486263532,92,86,0.0,corrida_05_emergencia_escalera_bloqueada,"Escalera A bloqueada (incendio): pop=100, cruce uniforme, mut=15%",100,200,0.15,0.8,5,tournament,uniform,3,1.0,0.5,10.0,42
corrida_05_emergencia_escalera_bloqueada,86,0.007407407352537723,0.007303621259166731,92,86,0.0,corrida_05_emergencia_escalera_bloqueada,"Escalera A bloqueada (incendio): pop=100, cruce uniforme, mut=15%",100,200,0.15,0.8,5,tournament,uniform,3,1.0,0.5,10.0,42
corrida_05_emergencia_escalera_bloqueada,87,0.007407407352537723,0.007331832176511634,92,86,0.0,corrida_05_emergencia_escalera_bloqueada,"Escalera A bloqueada (incendio): pop=100, cruce uniforme, mut=15%",100,200,0.15,0.8,5,tournament,uniform,3,1.0,0.5,10.0,42
corrida_05_emergencia_escalera_bloqueada,88,0.007407407352537723,0.007313112887385445,92,86,0.0,corrida_05_emergencia_escalera_bloqueada,"Escalera A bloqueada (incendio): pop=100, cruce uniforme, mut=15%",100,200,0.15,0.8,5,tournament,uniform,3,1.0,0.5,10.0,42
corrida_05_emergencia_escalera_bloqueada,89,0.007407407352537723,0.007315587516167888,92,86,0.0,corrida_05_emergencia_escalera_bloqueada,"Escalera A bloqueada (incendio): pop=100, cruce uniforme, mut=15%",100,200,0.15,0.8,5,tournament,uniform,3,1.0,0.5,10.0,42
corrida_05_emergencia_escalera_bloqueada,90,0.007407407352537723,0.007313943146769069,92,86,0.0,corrida_05_emergencia_escalera_bloqueada,"Escalera A bloqueada (incendio): pop=100, cruce uniforme, mut=15%",100,200,0.15,0.8,5,tournament,uniform,3,1.0,0.5,10.0,42
corrida_05_emergencia_escalera_bloqueada,91,0.007407407352537723,0.007313410597228423,92,86,0.0,corrida_05_emergencia_escalera_bloqueada,"Escalera A bloqueada (incendio): pop=100, cruce uniforme, mut=15%",100,200,0.15,0.8,5,tournament,uniform,3,1.0,0.5,10.0,42
corrida_05_emergencia_escalera_bloqueada,92,0.007407407352537723,0.007311607281142574,92,86,0.0,corrida_05_emergencia_escalera_bloqueada,"Escalera A bloqueada (incendio): pop=100, cruce uniforme, mut=15%",100,200,0.15,0.8,5,tournament,uniform,3,1.0,0.5,10.0,42
corrida_05_emergencia_escalera_bloqueada,93,0.007407407352537723,0.007297227992615773,92,86,0.0,corrida_05_emergencia_escalera_bloqueada,"Escalera A bloqueada (incendio): pop=100, cruce uniforme, mut=15%",100,200,0.15,0.8,5,tournament,uniform,3,1.0,0.5,10.0,42
corrida_05_emergencia_escalera_bloqueada,94,0.007407407352537723,0.007297523550566265,92,86,0.0,corrida_05_emergencia_escalera_bloqueada,"Escalera A bloqueada (incendio): pop=100, cruce uniforme, mut=15%",100,200,0.15,0.8,5,tournament,uniform,3,1.0,0.5,10.0,42
corrida_05_emergencia_escalera_bloqueada,95,0.007407407352537723,0.007298638967804405,92,86,0.0,corrida_05_emergencia_escalera_bloqueada,"Escalera A bloqueada (incendio): pop=100, cruce uniforme, mut=15%",100,200,0.15,0.8,5,tournament,uniform,3,1.0,0.5,10.0,42
corrida_05_emergencia_escalera_bloqueada,96,0.007407407352537723,0.007311542253347436,92,86,0.0,corrida_05_emergencia_escalera_bloqueada,"Escalera A bloqueada (incendio): pop=100, cruce uniforme, mut=15%",100,200,0.15,0.8,5,tournament,uniform,3,1.0,0.5,10.0,42
corrida_05_emergencia_escalera_bloqueada,97,0.007407407352537723,0.0073103161826600285,92,86,0.0,corrida_05_emergencia_escalera_bloqueada,"Escalera A bloqueada (incendio): pop=100, cruce uniforme, mut=15%",100,200,0.15,0.8,5,tournament,uniform,3,1.0,0.5,10.0,42
corrida_05_emergencia_escalera_bloqueada,98,0.007407407352537723,0.007295269631850697,92,86,0.0,corrida_05_emergencia_escalera_bloqueada,"Escalera A bloqueada (incendio): pop=100, cruce uniforme, mut=15%",100,200,0.15,0.8,5,tournament,uniform,3,1.0,0.5,10.0,42
corrida_05_emergencia_escalera_bloqueada,99,0.007407407352537723,0.007312746974886675,92,86,0.0,corrida_05_emergencia_escalera_bloqueada,"Escalera A bloqueada (incendio): pop=100, cruce uniforme, mut=15%",100,200,0.15,0.8,5,tournament,uniform,3,1.0,0.5,10.0,42
corrida_05_emergencia_escalera_bloqueada,100,0.007407407352537723,0.007292730085763715,92,86,0.0,corrida_05_emergencia_escalera_bloqueada,"Escalera A bloqueada (incendio): pop=100, cruce uniforme, mut=15%",100,200,0.15,0.8,5,tournament,uniform,3,1.0,0.5,10.0,42
corrida_05_emergencia_escalera_bloqueada,101,0.007407407352537723,0.00729235988059396,92,86,0.0,corrida_05_emergencia_escalera_bloqueada,"Escalera A bloqueada (incendio): pop=100, cruce uniforme, mut=15%",100,200,0.15,0.8,5,tournament,uniform,3,1.0,0.5,10.0,42
corrida_05_emergencia_escalera_bloqueada,102,0.007407407352537723,0.00730131418726922,92,86,0.0,corrida_05_emergencia_escalera_bloqueada,"Escalera A bloqueada (incendio): pop=100, cruce uniforme, mut=15%",100,200,0.15,0.8,5,tournament,uniform,3,1.0,0.5,10.0,42
corrida_05_emergencia_escalera_bloqueada,103,0.007407407352537723,0.007288127903561679,92,86,0.0,corrida_05_emergencia_escalera_bloqueada,"Escalera A bloqueada (incendio): pop=100, cruce uniforme, mut=15%",100,200,0.15,0.8,5,tournament,uniform,3,1.0,0.5,10.0,42
corrida_05_emergencia_escalera_bloqueada,104,0.007407407352537723,0.007296796990680656,92,86,0.0,corrida_05_emergencia_escalera_bloqueada,"Escalera A bloqueada (incendio): pop=100, cruce uniforme, mut=15%",100,200,0.15,0.8,5,tournament,uniform,3,1.0,0.5,10.0,42
corrida_05_emergencia_escalera_bloqueada,105,0.007407407352537723,0.007306014335144522,92,86,0.0,corrida_05_emergencia_escalera_bloqueada,"Escalera A bloqueada (incendio): pop=100, cruce uniforme, mut=15%",100,200,0.15,0.8,5,tournament,uniform,3,1.0,0.5,10.0,42
corrida_05_emergencia_escalera_bloqueada,106,0.007407407352537723,0.007316440219922517,92,86,0.0,corrida_05_emergencia_escalera_bloqueada,"Escalera A bloqueada (incendio): pop=100, cruce uniforme, mut=15%",100,200,0.15,0.8,5,tournament,uniform,3,1.0,0.5,10.0,42
corrida_05_emergencia_escalera_bloqueada,107,0.007407407352537723,0.007300016416960757,92,86,0.0,corrida_05_emergencia_escalera_bloqueada,"Escalera A bloqueada (incendio): pop=100, cruce uniforme, mut=15%",100,200,0.15,0.8,5,tournament,uniform,3,1.0,0.5,10.0,42
corrida_05_emergencia_escalera_bloqueada,108,0.007407407352537723,0.007315847782997694,92,86,0.0,corrida_05_emergencia_escalera_bloqueada,"Escalera A bloqueada (incendio): pop=100, cruce uniforme, mut=15%",100,200,0.15,0.8,5,tournament,uniform,3,1.0,0.5,10.0,42
corrida_05_emergencia_escalera_bloqueada,109,0.007407407352537723,0.007291906907589755,92,86,0.0,corrida_05_emergencia_escalera_bloqueada,"Escalera A bloqueada (incendio): pop=100, cruce uniforme, mut=15%",100,200,0.15,0.8,5,tournament,uniform,3,1.0,0.5,10.0,42
corrida_05_emergencia_escalera_bloqueada,110,0.007407407352537723,0.007283013422673603,92,86,0.0,corrida_05_emergencia_escalera_bloqueada,"Escalera A bloqueada (incendio): pop=100, cruce uniforme, mut=15%",100,200,0.15,0.8,5,tournament,uniform,3,1.0,0.5,10.0,42
corrida_05_emergencia_escalera_bloqueada,111,0.007407407352537723,0.007272295373939165,92,86,0.0,corrida_05_emergencia_escalera_bloqueada,"Escalera A bloqueada (incendio): pop=100, cruce uniforme, mut=15%",100,200,0.15,0.8,5,tournament,uniform,3,1.0,0.5,10.0,42
corrida_05_emergencia_escalera_bloqueada,112,0.007407407352537723,0.0072876234590221675,92,86,0.0,corrida_05_emergencia_escalera_bloqueada,"Escalera A bloqueada (incendio): pop=100, cruce uniforme, mut=15%",100,200,0.15,0.8,5,tournament,uniform,3,1.0,0.5,10.0,42
corrida_05_emergencia_escalera_bloqueada,113,0.007407407352537723,0.007300967111352918,92,86,0.0,corrida_05_emergencia_escalera_bloqueada,"Escalera A bloqueada (incendio): pop=100, cruce uniforme, mut=15%",100,200,0.15,0.8,5,tournament,uniform,3,1.0,0.5,10.0,42
corrida_05_emergencia_escalera_bloqueada,114,0.007407407352537723,0.0072871344833544995,92,86,0.0,corrida_05_emergencia_escalera_bloqueada,"Escalera A bloqueada (incendio): pop=100, cruce uniforme, mut=15%",100,200,0.15,0.8,5,tournament,uniform,3,1.0,0.5,10.0,42
corrida_05_emergencia_escalera_bloqueada,115,0.007407407352537723,0.007300372269035953,92,86,0.0,corrida_05_emergencia_escalera_bloqueada,"Escalera A bloqueada (incendio): pop=100, cruce uniforme, mut=15%",100,200,0.15,0.8,5,tournament,uniform,3,1.0,0.5,10.0,42
corrida_05_emergencia_escalera_bloqueada,116,0.007407407352537723,0.007302202192374814,92,86,0.0,corrida_05_emergencia_escalera_bloqueada,"Escalera A bloqueada (incendio): pop=100, cruce uniforme, mut=15%",100,200,0.15,0.8,5,tournament,uniform,3,1.0,0.5,10.0,42
corrida_05_emergencia_escalera_bloqueada,117,0.007407407352537723,0.007304131038697125,92,86,0.0,corrida_05_emergencia_escalera_bloqueada,"Escalera A bloqueada (incendio): pop=100, cruce uniforme, mut=15%",100,200,0.15,0.8,5,tournament,uniform,3,1.0,0.5,10.0,42
corrida_05_emergencia_escalera_bloqueada,118,0.007407407352537723,0.007309266954920327,92,86,0.0,corrida_05_emergencia_escalera_bloqueada,"Escalera A bloqueada (incendio): pop=100, cruce uniforme, mut=15%",100,200,0.15,0.8,5,tournament,uniform,3,1.0,0.5,10.0,42
corrida_05_emergencia_escalera_bloqueada,119,0.007407407352537723,0.0072924025115845515,92,86,0.0,corrida_05_emergencia_escalera_bloqueada,"Escalera A bloqueada (incendio): pop=100, cruce uniforme, mut=15%",100,200,0.15,0.8,5,tournament,uniform,3,1.0,0.5,10.0,42
corrida_05_emergencia_escalera_bloqueada,120,0.007407407352537723,0.007276950543163525,92,86,0.0,corrida_05_emergencia_escalera_bloqueada,"Escalera A bloqueada (incendio): pop=100, cruce uniforme, mut=15%",100,200,0.15,0.8,5,tournament,uniform,3,1.0,0.5,10.0,42
corrida_05_emergencia_escalera_bloqueada,121,0.007407407352537723,0.007309565495915758,92,86,0.0,corrida_05_emergencia_escalera_bloqueada,"Escalera A bloqueada (incendio): pop=100, cruce uniforme, mut=15%",100,200,0.15,0.8,5,tournament,uniform,3,1.0,0.5,10.0,42
corrida_05_emergencia_escalera_bloqueada,122,0.007407407352537723,0.007295223647848384,92,86,0.0,corrida_05_emergencia_escalera_bloqueada,"Escalera A bloqueada (incendio): pop=100, cruce uniforme, mut=15%",100,200,0.15,0.8,5,tournament,uniform,3,1.0,0.5,10.0,42
corrida_05_emergencia_escalera_bloqueada,123,0.007407407352537723,0.007296520426883605,92,86,0.0,corrida_05_emergencia_escalera_bloqueada,"Escalera A bloqueada (incendio): pop=100, cruce uniforme, mut=15%",100,200,0.15,0.8,5,tournament,uniform,3,1.0,0.5,10.0,42
corrida_05_emergencia_escalera_bloqueada,124,0.007407407352537723,0.007301629022017829,92,86,0.0,corrida_05_emergencia_escalera_bloqueada,"Escalera A bloqueada (incendio): pop=100, cruce uniforme, mut=15%",100,200,0.15,0.8,5,tournament,uniform,3,1.0,0.5,10.0,42
corrida_05_emergencia_escalera_bloqueada,125,0.007407407352537723,0.00731007868560295,92,86,0.0,corrida_05_emergencia_escalera_bloqueada,"Escalera A bloqueada (incendio): pop=100, cruce uniforme, mut=15%",100,200,0.15,0.8,5,tournament,uniform,3,1.0,0.5,10.0,42
corrida_05_emergencia_escalera_bloqueada,126,0.007407407352537723,0.007320863620220839,92,86,0.0,corrida_05_emergencia_escalera_bloqueada,"Escalera A bloqueada (incendio): pop=100, cruce uniforme, mut=15%",100,200,0.15,0.8,5,tournament,uniform,3,1.0,0.5,10.0,42
corrida_05_emergencia_escalera_bloqueada,127,0.007407407352537723,0.007326683420773071,92,86,0.0,corrida_05_emergencia_escalera_bloqueada,"Escalera A bloqueada (incendio): pop=100, cruce uniforme, mut=15%",100,200,0.15,0.8,5,tournament,uniform,3,1.0,0.5,10.0,42
corrida_05_emergencia_escalera_bloqueada,128,0.007407407352537723,0.007300442587133138,92,86,0.0,corrida_05_emergencia_escalera_bloqueada,"Escalera A bloqueada (incendio): pop=100, cruce uniforme, mut=15%",100,200,0.15,0.8,5,tournament,uniform,3,1.0,0.5,10.0,42
corrida_05_emergencia_escalera_bloqueada,129,0.007407407352537723,0.00728823432991561,92,86,0.0,corrida_05_emergencia_escalera_bloqueada,"Escalera A bloqueada (incendio): pop=100, cruce uniforme, mut=15%",100,200,0.15,0.8,5,tournament,uniform,3,1.0,0.5,10.0,42
corrida_05_emergencia_escalera_bloqueada,130,0.007407407352537723,0.007278063398423732,92,86,0.0,corrida_05_emergencia_escalera_bloqueada,"Escalera A bloqueada (incendio): pop=100, cruce uniforme, mut=15%",100,200,0.15,0.8,5,tournament,uniform,3,1.0,0.5,10.0,42
corrida_05_emergencia_escalera_bloqueada,131,0.007407407352537723,0.007293720615226712,92,86,0.0,corrida_05_emergencia_escalera_bloqueada,"Escalera A bloqueada (incendio): pop=100, cruce uniforme, mut=15%",100,200,0.15,0.8,5,tournament,uniform,3,1.0,0.5,10.0,42
corrida_05_emergencia_escalera_bloqueada,132,0.007407407352537723,0.007293198639140133,92,86,0.0,corrida_05_emergencia_escalera_bloqueada,"Escalera A bloqueada (incendio): pop=100, cruce uniforme, mut=15%",100,200,0.15,0.8,5,tournament,uniform,3,1.0,0.5,10.0,42
corrida_05_emergencia_escalera_bloqueada,133,0.007407407352537723,0.007300863548655918,92,86,0.0,corrida_05_emergencia_escalera_bloqueada,"Escalera A bloqueada (incendio): pop=100, cruce uniforme, mut=15%",100,200,0.15,0.8,5,tournament,uniform,3,1.0,0.5,10.0,42
corrida_05_emergencia_escalera_bloqueada,134,0.007407407352537723,0.007295151812762808,92,86,0.0,corrida_05_emergencia_escalera_bloqueada,"Escalera A bloqueada (incendio): pop=100, cruce uniforme, mut=15%",100,200,0.15,0.8,5,tournament,uniform,3,1.0,0.5,10.0,42
corrida_05_emergencia_escalera_bloqueada,135,0.007407407352537723,0.00730266041781368,92,86,0.0,corrida_05_emergencia_escalera_bloqueada,"Escalera A bloqueada (incendio): pop=100, cruce uniforme, mut=15%",100,200,0.15,0.8,5,tournament,uniform,3,1.0,0.5,10.0,42
corrida_05_emergencia_escalera_bloqueada,136,0.007407407352537723,0.007272819113552876,92,86,0.0,corrida_05_emergencia_escalera_bloqueada,"Escalera A bloqueada (incendio): pop=100, cruce uniforme, mut=15%",100,200,0.15,0.8,5,tournament,uniform,3,1.0,0.5,10.0,42
corrida_05_emergencia_escalera_bloqueada,137,0.007407407352537723,0.007282512969094764,92,86,0.0,corrida_05_emergencia_escalera_bloqueada,"Escalera A bloqueada (incendio): pop=100, cruce uniforme, mut=15%",100,200,0.15,0.8,5,tournament,uniform,3,1.0,0.5,10.0,42
corrida_05_emergencia_escalera_bloqueada,138,0.007407407352537723,0.007293008945080151,92,86,0.0,corrida_05_emergencia_escalera_bloqueada,"Escalera A bloqueada (incendio): pop=100, cruce uniforme, mut=15%",100,200,0.15,0.8,5,tournament,uniform,3,1.0,0.5,10.0,42
corrida_05_emergencia_escalera_bloqueada,139,0.007407407352537723,0.007302070325730348,92,86,0.0,corrida_05_emergencia_escalera_bloqueada,"Escalera A bloqueada (incendio): pop=100, cruce uniforme, mut=15%",100,200,0.15,0.8,5,tournament,uniform,3,1.0,0.5,10.0,42
corrida_05_emergencia_escalera_bloqueada,140,0.007407407352537723,0.0072953435540383995,92,86,0.0,corrida_05_emergencia_escalera_bloqueada,"Escalera A bloqueada (incendio): pop=100, cruce uniforme, mut=15%",100,200,0.15,0.8,5,tournament,uniform,3,1.0,0.5,10.0,42
corrida_05_emergencia_escalera_bloqueada,141,0.007407407352537723,0.007323444521734803,92,86,0.0,corrida_05_emergencia_escalera_bloqueada,"Escalera A bloqueada (incendio): pop=100, cruce uniforme, mut=15%",100,200,0.15,0.8,5,tournament,uniform,3,1.0,0.5,10.0,42
corrida_05_emergencia_escalera_bloqueada,142,0.007407407352537723,0.007316285065052188,92,86,0.0,corrida_05_emergencia_escalera_bloqueada,"Escalera A bloqueada (incendio): pop=100, cruce uniforme, mut=15%",100,200,0.15,0.8,5,tournament,uniform,3,1.0,0.5,10.0,42
corrida_05_emergencia_escalera_bloqueada,143,0.007407407352537723,0.007294305946335332,92,86,0.0,corrida_05_emergencia_escalera_bloqueada,"Escalera A bloqueada (incendio): pop=100, cruce uniforme, mut=15%",100,200,0.15,0.8,5,tournament,uniform,3,1.0,0.5,10.0,42
corrida_05_emergencia_escalera_bloqueada,144,0.007407407352537723,0.00728572103815487,92,86,0.0,corrida_05_emergencia_escalera_bloqueada,"Escalera A bloqueada (incendio): pop=100, cruce uniforme, mut=15%",100,200,0.15,0.8,5,tournament,uniform,3,1.0,0.5,10.0,42
corrida_05_emergencia_escalera_bloqueada,145,0.007407407352537723,0.007297895351585546,92,86,0.0,corrida_05_emergencia_escalera_bloqueada,"Escalera A bloqueada (incendio): pop=100, cruce uniforme, mut=15%",100,200,0.15,0.8,5,tournament,uniform,3,1.0,0.5,10.0,42
corrida_05_emergencia_escalera_bloqueada,146,0.007407407352537723,0.0072732201987402035,92,86,0.0,corrida_05_emergencia_escalera_bloqueada,"Escalera A bloqueada (incendio): pop=100, cruce uniforme, mut=15%",100,200,0.15,0.8,5,tournament,uniform,3,1.0,0.5,10.0,42
corrida_05_emergencia_escalera_bloqueada,147,0.007407407352537723,0.007273878415495523,92,86,0.0,corrida_05_emergencia_escalera_bloqueada,"Escalera A bloqueada (incendio): pop=100, cruce uniforme, mut=15%",100,200,0.15,0.8,5,tournament,uniform,3,1.0,0.5,10.0,42
corrida_05_emergencia_escalera_bloqueada,148,0.007407407352537723,0.007291561998249512,92,86,0.0,corrida_05_emergencia_escalera_bloqueada,"Escalera A bloqueada (incendio): pop=100, cruce uniforme, mut=15%",100,200,0.15,0.8,5,tournament,uniform,3,1.0,0.5,10.0,42
corrida_05_emergencia_escalera_bloqueada,149,0.007407407352537723,0.007300598896494683,92,86,0.0,corrida_05_emergencia_escalera_bloqueada,"Escalera A bloqueada (incendio): pop=100, cruce uniforme, mut=15%",100,200,0.15,0.8,5,tournament,uniform,3,1.0,0.5,10.0,42
corrida_05_emergencia_escalera_bloqueada,150,0.007407407352537723,0.007320009866508035,92,86,0.0,corrida_05_emergencia_escalera_bloqueada,"Escalera A bloqueada (incendio): pop=100, cruce uniforme, mut=15%",100,200,0.15,0.8,5,tournament,uniform,3,1.0,0.5,10.0,42
corrida_05_emergencia_escalera_bloqueada,151,0.007407407352537723,0.00729730635936154,92,86,0.0,corrida_05_emergencia_escalera_bloqueada,"Escalera A bloqueada (incendio): pop=100, cruce uniforme, mut=15%",100,200,0.15,0.8,5,tournament,uniform,3,1.0,0.5,10.0,42
corrida_05_emergencia_escalera_bloqueada,152,0.007407407352537723,0.007300221396892955,92,86,0.0,corrida_05_emergencia_escalera_bloqueada,"Escalera A bloqueada (incendio): pop=100, cruce uniforme, mut=15%",100,200,0.15,0.8,5,tournament,uniform,3,1.0,0.5,10.0,42
corrida_05_emergencia_escalera_bloqueada,153,0.007407407352537723,0.007287193148827955,92,86,0.0,corrida_05_emergencia_escalera_bloqueada,"Escalera A bloqueada (incendio): pop=100, cruce uniforme, mut=15%",100,200,0.15,0.8,5,tournament,uniform,3,1.0,0.5,10.0,42
corrida_05_emergencia_escalera_bloqueada,154,0.007407407352537723,0.007286342629808777,92,86,0.0,corrida_05_emergencia_escalera_bloqueada,"Escalera A bloqueada (incendio): pop=100, cruce uniforme, mut=15%",100,200,0.15,0.8,5,tournament,uniform,3,1.0,0.5,10.0,42
corrida_05_emergencia_escalera_bloqueada,155,0.007407407352537723,0.007287884402346062,92,86,0.0,corrida_05_emergencia_escalera_bloqueada,"Escalera A bloqueada (incendio): pop=100, cruce uniforme, mut=15%",100,200,0.15,0.8,5,tournament,uniform,3,1.0,0.5,10.0,42
corrida_05_emergencia_escalera_bloqueada,156,0.007407407352537723,0.007283610273424208,92,86,0.0,corrida_05_emergencia_escalera_bloqueada,"Escalera A bloqueada (incendio): pop=100, cruce uniforme, mut=15%",100,200,0.15,0.8,5,tournament,uniform,3,1.0,0.5,10.0,42
corrida_05_emergencia_escalera_bloqueada,157,0.007407407352537723,0.007290544148507954,92,86,0.0,corrida_05_emergencia_escalera_bloqueada,"Escalera A bloqueada (incendio): pop=100, cruce uniforme, mut=15%",100,200,0.15,0.8,5,tournament,uniform,3,1.0,0.5,10.0,42
corrida_05_emergencia_escalera_bloqueada,158,0.007407407352537723,0.007283345302225742,92,86,0.0,corrida_05_emergencia_escalera_bloqueada,"Escalera A bloqueada (incendio): pop=100, cruce uniforme, mut=15%",100,200,0.15,0.8,5,tournament,uniform,3,1.0,0.5,10.0,42
corrida_05_emergencia_escalera_bloqueada,159,0.007407407352537723,0.007263126678002512,92,86,0.0,corrida_05_emergencia_escalera_bloqueada,"Escalera A bloqueada (incendio): pop=100, cruce uniforme, mut=15%",100,200,0.15,0.8,5,tournament,uniform,3,1.0,0.5,10.0,42
corrida_05_emergencia_escalera_bloqueada,160,0.007407407352537723,0.0072995985761370496,92,86,0.0,corrida_05_emergencia_escalera_bloqueada,"Escalera A bloqueada (incendio): pop=100, cruce uniforme, mut=15%",100,200,0.15,0.8,5,tournament,uniform,3,1.0,0.5,10.0,42
corrida_05_emergencia_escalera_bloqueada,161,0.007407407352537723,0.007282796402985811,92,86,0.0,corrida_05_emergencia_escalera_bloqueada,"Escalera A bloqueada (incendio): pop=100, cruce uniforme, mut=15%",100,200,0.15,0.8,5,tournament,uniform,3,1.0,0.5,10.0,42
corrida_05_emergencia_escalera_bloqueada,162,0.007407407352537723,0.0073001521749488695,92,86,0.0,corrida_05_emergencia_escalera_bloqueada,"Escalera A bloqueada (incendio): pop=100, cruce uniforme, mut=15%",100,200,0.15,0.8,5,tournament,uniform,3,1.0,0.5,10.0,42
corrida_05_emergencia_escalera_bloqueada,163,0.007407407352537723,0.007295801758122011,92,86,0.0,corrida_05_emergencia_escalera_bloqueada,"Escalera A bloqueada (incendio): pop=100, cruce uniforme, mut=15%",100,200,0.15,0.8,5,tournament,uniform,3,1.0,0.5,10.0,42
corrida_05_emergencia_escalera_bloqueada,164,0.007407407352537723,0.00728497949435568,92,86,0.0,corrida_05_emergencia_escalera_bloqueada,"Escalera A bloqueada (incendio): pop=100, cruce uniforme, mut=15%",100,200,0.15,0.8,5,tournament,uniform,3,1.0,0.5,10.0,42
corrida_05_emergencia_escalera_bloqueada,165,0.007407407352537723,0.007296016019382071,92,86,0.0,corrida_05_emergencia_escalera_bloqueada,"Escalera A bloqueada (incendio): pop=100, cruce uniforme, mut=15%",100,200,0.15,0.8,5,tournament,uniform,3,1.0,0.5,10.0,42
corrida_05_emergencia_escalera_bloqueada,166,0.007407407352537723,0.007312599357316698,92,86,0.0,corrida_05_emergencia_escalera_bloqueada,"Escalera A bloqueada (incendio): pop=100, cruce uniforme, mut=15%",100,200,0.15,0.8,5,tournament,uniform,3,1.0,0.5,10.0,42
corrida_05_emergencia_escalera_bloqueada,167,0.007407407352537723,0.007290922661845794,92,86,0.0,corrida_05_emergencia_escalera_bloqueada,"Escalera A bloqueada (incendio): pop=100, cruce uniforme, mut=15%",100,200,0.15,0.8,5,tournament,uniform,3,1.0,0.5,10.0,42
corrida_05_emergencia_escalera_bloqueada,168,0.007407407352537723,0.007311349601561961,92,86,0.0,corrida_05_emergencia_escalera_bloqueada,"Escalera A bloqueada (incendio): pop=100, cruce uniforme, mut=15%",100,200,0.15,0.8,5,tournament,uniform,3,1.0,0.5,10.0,42
corrida_05_emergencia_escalera_bloqueada,169,0.007407407352537723,0.0073174584303927915,92,86,0.0,corrida_05_emergencia_escalera_bloqueada,"Escalera A bloqueada (incendio): pop=100, cruce uniforme, mut=15%",100,200,0.15,0.8,5,tournament,uniform,3,1.0,0.5,10.0,42
corrida_05_emergencia_escalera_bloqueada,170,0.007407407352537723,0.0072955139889431565,92,86,0.0,corrida_05_emergencia_escalera_bloqueada,"Escalera A bloqueada (incendio): pop=100, cruce uniforme, mut=15%",100,200,0.15,0.8,5,tournament,uniform,3,1.0,0.5,10.0,42
corrida_05_emergencia_escalera_bloqueada,171,0.007407407352537723,0.007289481619542732,92,86,0.0,corrida_05_emergencia_escalera_bloqueada,"Escalera A bloqueada (incendio): pop=100, cruce uniforme, mut=15%",100,200,0.15,0.8,5,tournament,uniform,3,1.0,0.5,10.0,42
corrida_05_emergencia_escalera_bloqueada,172,0.007407407352537723,0.0072911880975647615,92,86,0.0,corrida_05_emergencia_escalera_bloqueada,"Escalera A bloqueada (incendio): pop=100, cruce uniforme, mut=15%",100,200,0.15,0.8,5,tournament,uniform,3,1.0,0.5,10.0,42
corrida_05_emergencia_escalera_bloqueada,173,0.007407407352537723,0.00731417515536177,92,86,0.0,corrida_05_emergencia_escalera_bloqueada,"Escalera A bloqueada (incendio): pop=100, cruce uniforme, mut=15%",100,200,0.15,0.8,5,tournament,uniform,3,1.0,0.5,10.0,42
corrida_05_emergencia_escalera_bloqueada,174,0.007407407352537723,0.007295590212257049,92,86,0.0,corrida_05_emergencia_escalera_bloqueada,"Escalera A bloqueada (incendio): pop=100, cruce uniforme, mut=15%",100,200,0.15,0.8,5,tournament,uniform,3,1.0,0.5,10.0,42
corrida_05_emergencia_escalera_bloqueada,175,0.007407407352537723,0.007284046650896403,92,86,0.0,corrida_05_emergencia_escalera_bloqueada,"Escalera A bloqueada (incendio): pop=100, cruce uniforme, mut=15%",100,200,0.15,0.8,5,tournament,uniform,3,1.0,0.5,10.0,42
corrida_05_emergencia_escalera_bloqueada,176,0.007407407352537723,0.007314906620095006,92,86,0.0,corrida_05_emergencia_escalera_bloqueada,"Escalera A bloqueada (incendio): pop=100, cruce uniforme, mut=15%",100,200,0.15,0.8,5,tournament,uniform,3,1.0,0.5,10.0,42
corrida_05_emergencia_escalera_bloqueada,177,0.007407407352537723,0.007286126882750863,92,86,0.0,corrida_05_emergencia_escalera_bloqueada,"Escalera A bloqueada (incendio): pop=100, cruce uniforme, mut=15%",100,200,0.15,0.8,5,tournament,uniform,3,1.0,0.5,10.0,42
corrida_05_emergencia_escalera_bloqueada,178,0.007407407352537723,0.007296078507547968,92,86,0.0,corrida_05_emergencia_escalera_bloqueada,"Escalera A bloqueada (incendio): pop=100, cruce uniforme, mut=15%",100,200,0.15,0.8,5,tournament,uniform,3,1.0,0.5,10.0,42
corrida_05_emergencia_escalera_bloqueada,179,0.007407407352537723,0.00729851759782997,92,86,0.0,corrida_05_emergencia_escalera_bloqueada,"Escalera A bloqueada (incendio): pop=100, cruce uniforme, mut=15%",100,200,0.15,0.8,5,tournament,uniform,3,1.0,0.5,10.0,42
corrida_05_emergencia_escalera_bloqueada,180,0.007407407352537723,0.007286840233794765,92,86,0.0,corrida_05_emergencia_escalera_bloqueada,"Escalera A bloqueada (incendio): pop=100, cruce uniforme, mut=15%",100,200,0.15,0.8,5,tournament,uniform,3,1.0,0.5,10.0,42
corrida_05_emergencia_escalera_bloqueada,181,0.007407407352537723,0.007302477284924882,92,86,0.0,corrida_05_emergencia_escalera_bloqueada,"Escalera A bloqueada (incendio): pop=100, cruce uniforme, mut=15%",100,200,0.15,0.8,5,tournament,uniform,3,1.0,0.5,10.0,42
corrida_05_emergencia_escalera_bloqueada,182,0.007407407352537723,0.007299755186629178,92,86,0.0,corrida_05_emergencia_escalera_bloqueada,"Escalera A bloqueada (incendio): pop=100, cruce uniforme, mut=15%",100,200,0.15,0.8,5,tournament,uniform,3,1.0,0.5,10.0,42
corrida_05_emergencia_escalera_bloqueada,183,0.007407407352537723,0.007282974599435988,92,86,0.0,corrida_05_emergencia_escalera_bloqueada,"Escalera A bloqueada (incendio): pop=100, cruce uniforme, mut=15%",100,200,0.15,0.8,5,tournament,uniform,3,1.0,0.5,10.0,42
corrida_05_emergencia_escalera_bloqueada,184,0.007407407352537723,0.007303084455157531,92,86,0.0,corrida_05_emergencia_escalera_bloqueada,"Escalera A bloqueada (incendio): pop=100, cruce uniforme, mut=15%",100,200,0.15,0.8,5,tournament,uniform,3,1.0,0.5,10.0,42
corrida_05_emergencia_escalera_bloqueada,185,0.007407407352537723,0.007301416732498494,92,86,0.0,corrida_05_emergencia_escalera_bloqueada,"Escalera A bloqueada (incendio): pop=100, cruce uniforme, mut=15%",100,200,0.15,0.8,5,tournament,uniform,3,1.0,0.5,10.0,42
corrida_05_emergencia_escalera_bloqueada,186,0.007407407352537723,0.007325627055978185,92,86,0.0,corrida_05_emergencia_escalera_bloqueada,"Escalera A bloqueada (incendio): pop=100, cruce uniforme, mut=15%",100,200,0.15,0.8,5,tournament,uniform,3,1.0,0.5,10.0,42
corrida_05_emergencia_escalera_bloqueada,187,0.007407407352537723,0.007289292430334242,92,86,0.0,corrida_05_emergencia_escalera_bloqueada,"Escalera A bloqueada (incendio): pop=100, cruce uniforme, mut=15%",100,200,0.15,0.8,5,tournament,uniform,3,1.0,0.5,10.0,42
corrida_05_emergencia_escalera_bloqueada,188,0.007407407352537723,0.007307473822054596,92,86,0.0,corrida_05_emergencia_escalera_bloqueada,"Escalera A bloqueada (incendio): pop=100, cruce uniforme, mut=15%",100,200,0.15,0.8,5,tournament,uniform,3,1.0,0.5,10.0,42
corrida_05_emergencia_escalera_bloqueada,189,0.007407407352537723,0.007296659469543974,92,86,0.0,corrida_05_emergencia_escalera_bloqueada,"Escalera A bloqueada (incendio): pop=100, cruce uniforme, mut=15%",100,200,0.15,0.8,5,tournament,uniform,3,1.0,0.5,10.0,42
corrida_05_emergencia_escalera_bloqueada,190,0.007407407352537723,0.007289771519931399,92,86,0.0,corrida_05_emergencia_escalera_bloqueada,"Escalera A bloqueada (incendio): pop=100, cruce uniforme, mut=15%",100,200,0.15,0.8,5,tournament,uniform,3,1.0,0.5,10.0,42
corrida_05_emergencia_escalera_bloqueada,191,0.007407407352537723,0.007274445988780357,92,86,0.0,corrida_05_emergencia_escalera_bloqueada,"Escalera A bloqueada (incendio): pop=100, cruce uniforme, mut=15%",100,200,0.15,0.8,5,tournament,uniform,3,1.0,0.5,10.0,42
corrida_05_emergencia_escalera_bloqueada,192,0.007407407352537723,0.007304463721525726,92,86,0.0,corrida_05_emergencia_escalera_bloqueada,"Escalera A bloqueada (incendio): pop=100, cruce uniforme, mut=15%",100,200,0.15,0.8,5,tournament,uniform,3,1.0,0.5,10.0,42
corrida_05_emergencia_escalera_bloqueada,193,0.007407407352537723,0.00730767594441627,92,86,0.0,corrida_05_emergencia_escalera_bloqueada,"Escalera A bloqueada (incendio): pop=100, cruce uniforme, mut=15%",100,200,0.15,0.8,5,tournament,uniform,3,1.0,0.5,10.0,42
corrida_05_emergencia_escalera_bloqueada,194,0.007407407352537723,0.007295752289017612,92,86,0.0,corrida_05_emergencia_escalera_bloqueada,"Escalera A bloqueada (incendio): pop=100, cruce uniforme, mut=15%",100,200,0.15,0.8,5,tournament,uniform,3,1.0,0.5,10.0,42
corrida_05_emergencia_escalera_bloqueada,195,0.007407407352537723,0.007284586837479477,92,86,0.0,corrida_05_emergencia_escalera_bloqueada,"Escalera A bloqueada (incendio): pop=100, cruce uniforme, mut=15%",100,200,0.15,0.8,5,tournament,uniform,3,1.0,0.5,10.0,42
corrida_05_emergencia_escalera_bloqueada,196,0.007407407352537723,0.00726745346246821,92,86,0.0,corrida_05_emergencia_escalera_bloqueada,"Escalera A bloqueada (incendio): pop=100, cruce uniforme, mut=15%",100,200,0.15,0.8,5,tournament,uniform,3,1.0,0.5,10.0,42
corrida_05_emergencia_escalera_bloqueada,197,0.007407407352537723,0.007277978718949142,92,86,0.0,corrida_05_emergencia_escalera_bloqueada,"Escalera A bloqueada (incendio): pop=100, cruce uniforme, mut=15%",100,200,0.15,0.8,5,tournament,uniform,3,1.0,0.5,10.0,42
corrida_05_emergencia_escalera_bloqueada,198,0.007407407352537723,0.007286332710468819,92,86,0.0,corrida_05_emergencia_escalera_bloqueada,"Escalera A bloqueada (incendio): pop=100, cruce uniforme, mut=15%",100,200,0.15,0.8,5,tournament,uniform,3,1.0,0.5,10.0,42
corrida_05_emergencia_escalera_bloqueada,199,0.007407407352537723,0.007281931673138886,92,86,0.0,corrida_05_emergencia_escalera_bloqueada,"Escalera A bloqueada (incendio): pop=100, cruce uniforme, mut=15%",100,200,0.15,0.8,5,tournament,uniform,3,1.0,0.5,10.0,42
corrida_05_emergencia_escalera_bloqueada,200,0.007407407352537723,0.0072711645117091795,92,86,0.0,corrida_05_emergencia_escalera_bloqueada,"Escalera A bloqueada (incendio): pop=100, cruce uniforme, mut=15%",100,200,0.15,0.8,5,tournament,uniform,3,1.0,0.5,10.0,42
